1,ac,03,03,NL,0000,,012699,047685,Abcoude
1,adh,02,02,NL,0000,,018368,057922,LeeuwardenAchterDeHoven
1,ah,05,05,NL,0000,,019032,044414,ArnhemCentraal
1,ahbf,05,05,D,0000,,020462,030892,AachenHbf
1,ahp,04,04,NL,0000,,019162,044419,ArnhemVelperpoort
1,ahpr,02,02,NL,0000,,019318,044447,ArnhemPresikhaaf
1,ahz,02,02,NL,0000,,018695,044085,ArnhemZuid
0,aime,00,00,F,0000,,025374,-27149,Aime-la-Plagne
0,aixtgv,00,00,F,0000,,014927,-50612,Aix-enProvenceTGV
1,akl,02,02,NL,0000,,012785,043159,Arkel
1,akm,02,02,NL,0000,,018555,056240,Akkrum
0,albert,00,00,F,0000,,023298,-25948,Albertville
0,aless,00,00,I,0000,,041014,-33838,Alessandria
1,alm,04,04,NL,0000,,014354,048749,AlmereCentrum
1,almb,02,02,NL,0000,,014759,048963,AlmereBuiten
1,almm,02,02,NL,0000,,014161,048665,AlmereMuziekwijk
1,almo,02,02,NL,0000,,014895,049059,AlmereOostvaarders
1,almp,02,02,NL,0000,,014528,048769,AlmereParkwijk
1,amf,05,05,NL,0000,,015409,046281,Amersfoort
1,amfs,04,04,NL,0000,,015621,046526,AmersfoortSchothorst
1,aml,02,02,NL,0000,,024142,048623,Almelo
1,ampo,02,02,NL,0000,,013894,048389,AlmerePoort
1,amr,05,05,NL,0000,,011125,051690,Alkmaar
1,amri,02,02,NL,0000,,024216,048460,AlmelodeRiet
1,amrn,02,02,NL,0000,,011281,051755,AlkmaarNoord
1,ana,02,02,NL,0000,,011624,054243,AnnaPaulowna
0,andd,00,00,B,0000,,008791,036335,Antwerpen-Noorderdokken
1,apd,02,02,NL,0000,,019486,046920,Apeldoorn
1,apdm,01,01,NL,0000,,019694,046875,ApeldoornDeMaten
1,apdo,01,01,NL,0000,,019733,046996,ApeldoornOsseveld
1,apg,02,02,NL,0000,,025326,059427,Appingedam
1,apn,04,04,NL,0000,,010505,045982,Alphena/dRijn
0,are,00,00,D,0000,,020782,030994,AachenRotheErde
1,arn,02,02,NL,0000,,003576,039168,Arnemuiden
1,asa,04,04,NL,0000,,012303,048432,AmsterdamAmstel
1,asb,05,05,NL,0000,,012503,048049,AmsterdamBijlmerArenA
0,asch,00,00,D,0000,,020344,030909,AachenSchanz
1,asd,05,05,NL,0000,,012186,048798,AmsterdamCentraal
1,asdl,02,02,NL,0000,,011731,048570,AmsterdamLelylaan
1,asdm,04,04,NL,0000,,012394,048599,AmsterdamMuiderpoort
1,asdz,04,04,NL,0000,,011996,048358,AmsterdamZuid
1,ashd,04,04,NL,0000,,012583,047902,AmsterdamHolendrecht
1,ashfd,02,02,GB,0001,,-16053,036022,AshfordInternational
1,asn,01,01,NL,0000,,023447,055677,Assen
1,ass,04,04,NL,0000,,011753,048920,AmsterdamSloterdijk
1,assp,02,02,NL,0000,,012497,048535,AmsterdamSciencePark
1,atn,02,02,NL,0000,,023696,043765,Aalten
1,atw,03,03,B,0000,,008748,035896,Antwerpen-Centraal
0,atwlb,00,00,B,0000,,008782,036217,Antwerpen-Luchtbal
1,avat,02,02,NL,0000,,015816,046712,AmersfoortVathorst
0,avtgv,00,00,F,0000,,010640,-45380,AvignonTGV
0,aw,05,05,D,0000,,020321,031027,AachenWest
0,badenz,00,00,CH,0000,,037545,-05324,Baden(CH)
0,badsch,00,00,D,0000,,077050,036225,BadSchandau
0,baselb,00,00,D,0000,,032233,-04503,BaselBadBf
0,basels,00,00,CH,0000,,032102,-04729,BaselSBB
1,bd,05,05,NL,0000,,011293,040086,Breda
1,bde,02,02,NL,0000,,017957,032307,Bunde
1,bdg,02,02,NL,0000,,011105,045502,Bodegraven
1,bdm,01,01,NL,0000,,023538,059183,Bedum
1,bdpb,02,02,NL,0000,,010894,040203,Breda-Prinsenbeek
1,berch,05,05,B,0000,,008826,035718,Antwerpen-Berchem
0,berfl,00,00,D,0000,,070726,052025,Berlin-SchönefeldFlugh.
1,berhbl,01,01,D,0000,,069595,053410,BerlinHbf
0,berhbt,00,00,D,0000,,069592,053409,BerlinHbf(tief)
0,berlig,00,00,D,0000,,069695,053683,Berlin-Gesundbrunnen(oud)
0,bersud,00,00,D,0000,,069622,052845,Berlin-Südkreuz
1,bet,02,02,NL,0000,,015514,039117,Best
1,beurs,02,02,NL,0000,,009187,043720,RotterdamBeurs
1,bf,02,02,NL,0000,,023032,059776,Baflo
0,bfbi,00,00,D,0000,,070725,052025,BerlinBrandenburgFlughafen
1,bgn,02,02,NL,0000,,007922,039015,BergenopZoom
1,bh,02,02,D,0000,,027586,048171,BadBentheim
1,bhdv,02,02,NL,0000,,011948,042721,Boven-Hardinxveld
0,bhf,00,00,D,0000,,070053,053297,BerlinOstbahnhof
0,bhg,00,00,NL,0000,,026758,048161,BentheimGrens
1,bhv,02,02,NL,0000,,014247,046018,Bilthoven
1,bielef,02,02,D,0000,,037079,045366,BielefeldHbf
0,bischo,00,00,A,0000,,074630,-03328,Bischofshofen
1,bk,02,02,NL,0000,,018302,032866,Beek-Elsloo
1,bkf,02,02,NL,0000,,014593,052321,BovenkarspelFlora
1,bkg,02,02,NL,0000,,014478,052310,Bovenkarspel-Grootebroek
1,bkl,04,04,NL,0000,,012787,046485,Breukelen
1,bl,02,02,NL,0000,,023137,054147,Beilen
1,bll,02,02,NL,0000,,010327,049096,Bloemendaal
0,bltm,00,00,B,0000,,017000,030034,Milmort
0,bluden,00,00,A,0000,,000000,000000,Bludenz
1,bmn,02,02,NL,0000,,020712,045621,Brummen
1,bmr,04,04,NL,0000,,019323,040631,Boxmeer
1,bn,02,02,NL,0000,,024787,047980,Borne
1,bnc,02,02,NL,0000,,016885,046139,BarneveldCentrum
1,bnk,02,02,NL,0000,,014187,045280,Bunnik
1,bnn,02,02,NL,0000,,016948,046365,BarneveldNoord
1,bnz,02,02,NL,0000,,016973,046009,BarneveldZuid
0,bonn,00,00,D,0000,,027572,030608,BonnHbf
0,bonnb,00,00,D,0000,,027782,030682,Bonn-Beuel
0,bourg,00,00,F,0000,,026334,-26390,Bourg-St-Maurice
1,bp,02,02,NL,0000,,020555,058581,Buitenpost
0,bpaf,00,00,D,0000,,069622,052845,BerlinSüdkreuz
1,br,05,05,NL,0000,,020848,037617,Blerick
0,brauns,00,00,D,0000,,050661,048630,BraunschweigHbf
1,brd,02,02,NL,0000,,009749,042990,Barendrecht
1,bremen,05,05,D,0000,,038454,057175,BremenHbf
1,bressx,05,05,B,0000,,017082,029488,Bressoux
1,brn,05,05,NL,0000,,014782,046889,Baarn
1,brusc,05,05,B,0000,,008185,031755,Brussel-Centraal
1,brusn,05,05,B,0000,,008245,031970,Brussel-Noord
1,brusz,08,08,B,0000,,008161,031655,Brussel-Zuid/Midi
1,bsd,02,02,NL,0000,,014176,043456,Beesd
1,bsk,02,02,NL,0000,,010423,045450,Boskoop
1,bsks,02,02,NL,0000,,010416,045351,BoskoopSnijdelwijk
1,bsmz,02,02,NL,0000,,013970,047528,BussumZuid
0,bspd,00,00,D,0000,,068422,053381,Berlin-Spandau
1,btl,04,04,NL,0000,,015028,039955,Boxtel
1,buende,02,02,D,0000,,037279,047298,Bunde(Westf.)
1,bv,04,04,NL,0000,,010527,049920,Beverwijk
1,bzl,02,02,NL,0000,,005564,038892,Kapelle-Biezelinge
1,cas,03,03,NL,0000,,010562,050669,Castricum
0,chamb,00,00,F,0000,,019662,-26969,Chambery
0,chur,00,00,CH,0000,,047133,-11834,Chur
1,ck,02,02,NL,0000,,018863,041550,Cuijk
1,cl,02,02,NL,0000,,014400,043982,Culemborg
1,co,02,02,NL,0000,,024625,052037,Coevorden
1,cps,02,02,NL,0000,,009979,044094,CapelleSchollevaar
1,cvm,02,02,NL,0000,,020234,032094,Chevremont
1,da,02,02,NL,0000,,023583,049544,Daarlerveen
1,db,04,04,NL,0000,,014627,045299,Driebergen-Zeist
1,ddn,02,02,NL,0000,,024564,047551,Delden
1,ddr,05,05,NL,0000,,010543,042457,Dordrecht
1,ddrs,02,02,NL,0000,,010875,042393,DordrechtStadspolders
1,ddzd,02,02,NL,0000,,010565,042262,DordrechtZuid
0,decin,00,00,CS,0000,,077654,034774,Decinhl.n.
1,dei,02,02,NL,0000,,017779,057807,Deinum
1,did,02,02,NL,0000,,020625,043860,Didam
1,dl,02,02,NL,0000,,021424,050155,Dalfsen
1,dld,02,02,NL,0000,,014504,046133,DenDolder
1,dln,02,02,NL,0000,,024767,052390,Dalen
1,dmn,02,02,NL,0000,,012639,048427,Diemen
1,dmnz,02,02,NL,0000,,012562,048259,DiemenZuid
1,dmp,04,04,NL,0000,,009268,045151,Driemanspolder
1,dn,04,04,NL,0000,,018286,038533,Deurne
1,dnw,02,02,NL,0000,,000000,000000,Drunen(NS-bus)
0,domod,00,00,I,0000,,000000,000000,Domodossola
1,dr,02,02,NL,0000,,020413,045095,Dieren
0,dresd,00,00,D,0000,,073934,037238,DresdenHbf
0,dresdn,00,00,D,0000,,073998,037673,Dresden-Neustadt
1,drh,02,02,NL,0000,,010415,049532,Driehuis
1,dron,02,02,NL,0000,,017767,050522,Dronten
1,drp,04,04,NL,0000,,017155,057682,Dronryp
1,dt,02,02,NL,0000,,008424,044698,Delft
1,dtc,01,01,NL,0000,,021748,044152,Doetinchem
1,dtch,02,02,NL,0000,,021498,044155,DoetinchemDeHuet
1,dtz,02,02,NL,0000,,008477,044522,DelftZuid
1,duisb,99,99,D,0000,,025149,038324,DuisburgHbf
1,dussel,99,99,D,0000,,025330,035990,DusseldorfHbf
1,dv,04,04,NL,0000,,020783,047462,Deventer
1,dvc,02,02,NL,0000,,021156,047393,DeventerColmschate
1,dvd,04,04,NL,0000,,012428,048183,Duivendrecht
1,dvn,02,02,NL,0000,,019814,043962,Duiven
1,dvnk,04,04,NL,0000,,009127,046246,DeVink
1,dwe,02,02,NL,0000,,019835,058489,DeWestereen
1,dz,04,04,NL,0000,,025738,059523,Delfzijl
1,dzw,02,02,NL,0000,,025624,059503,DelfzijlWest
0,eabg,00,00,D,0000,,029862,045362,Altenberge
0,eahs,00,00,D,0000,,026669,045607,Ahaus
1,ebbs,02,02,GB,0001,,-19734,039614,EbbsfleetInternational
0,ebeo,00,00,D,0000,,031920,040369,Boenen
0,ebft,00,00,D,0000,,028791,046393,Steinfurt-Burgsteinfurt
0,ebgo,01,01,D,0000,,029258,046090,Steinfurt-Borghorst
0,ebok,00,00,D,0000,,029814,041104,Bork(Westf)
1,ec,02,02,NL,0000,,018944,034578,Echt
0,ecmf,00,00,D,0000,,027719,044045,Coesfeld(Westf)
1,ed,04,04,NL,0000,,017452,044891,Ede-Wageningen
1,edc,02,02,NL,0000,,017429,045060,EdeCentrum
0,edd,00,00,D,0000,,030344,039977,Dortmund-Derne
0,edf,00,00,D,0000,,020894,031090,Eilendorf
0,edkd,00,00,D,0000,,030225,039748,Dortmund-Kirchderne
1,edn,02,02,NL,0000,,017777,030917,Eijsden
0,edo,00,00,D,0000,,029881,039414,DortmundHbf
0,edulh,00,00,D,0000,,028656,042832,Dulmen
1,eem,02,02,NL,0000,,025098,060898,Eemshaven
0,eenp,00,00,D,0000,,029139,037018,Ennepetal
0,eepe,00,00,D,0000,,026735,046741,Epe(Westf)
1,egh,02,02,NL,0000,,020134,032246,Eygelshoven
1,eghm,02,02,NL,0000,,020220,032315,EygelshovenMarkt
1,ehai,02,02,NL,0000,,015526,038538,EindhovenAirport
1,ehb,02,02,NL,0000,,015995,038458,EindhovenBeukenlaan
1,ehs,02,02,NL,0000,,015989,038458,EindhovenStrijp-S
1,ehst,02,02,NL,0000,,016000,038377,EindhovenStadion
1,ehv,05,05,NL,0000,,016145,038370,Eindhoven
0,ehw,00,00,D,0000,,027417,044699,Rosendahl-Holtwick
0,ehzw,00,00,D,0000,,031004,039305,Holzwickede
1,ekz,04,04,NL,0000,,014827,052358,Enkhuizen
0,eldh,00,00,D,0000,,029613,042122,Ludinghausen
0,elet,00,00,D,0000,,027888,043531,Lette(KrCoesfeld)
0,elgd,00,00,D,0000,,027173,045100,Legden
0,elue,00,00,D,0000,,030336,040526,LunenHbf
1,em,05,05,D,0000,,021475,042766,Emmerich
0,emg,00,00,NL,0000,,020755,043500,EmmerichGrens
1,eml,02,02,NL,0000,,017049,047924,Ermelo
1,emn,02,02,NL,0000,,025701,053477,Emmen
1,emnz,02,02,NL,0000,,025560,053015,EmmenZuid
0,emte,00,00,D,0000,,028275,046545,MetelenLand
0,enbe,00,00,D,0000,,030430,045046,Munster-Hager
0,enhf,00,00,D,0000,,030964,044646,Munster(W)ZentrumNord
0,enow,00,00,D,0000,,029720,045640,Nordwalde
0,eop,00,00,D,0000,,027773,046970,Ochtrup
0,eprn,00,00,D,0000,,030413,040220,Preussen
0,eras,00,00,NL,0000,,009594,043677,Erasmusuni.(NS-bus)
1,es,04,04,NL,0000,,025770,047154,Enschede
0,eschn,00,00,D,0000,,021877,031484,Eschweiler-Nothberg
0,escht,00,00,D,0000,,021673,031424,EschweilerTalbahnhof
0,eschw,00,00,D,0000,,021590,031456,Eschweiler-West
1,esd,02,02,NL,0000,,025416,047309,EnschedeDrienerlo(oud)
1,ese,02,02,NL,0000,,026186,047151,EnschedeDeEschmarke
0,eseb,00,00,D,0000,,029795,041361,Selm-Beifang
0,esem,00,00,D,0000,,029778,041528,Selm
1,esk,02,02,NL,0000,,025420,047309,EnschedeKennispark
1,esn,05,05,B,0000,,008996,038635,Essen(B)
0,esrt,00,00,D,0000,,030599,038593,Schwerte(Ruhr)
1,est,03,03,NL,0000,,018717,043660,Elst
1,etn,02,02,NL,0000,,010302,039877,Etten-Leur
0,eun,00,00,D,0000,,031491,039698,Unna
0,eweis,00,00,D,0000,,022077,031536,Eschweiler-Weisweiler
1,fbnl,02,02,B,0000,,009151,032349,BrusselsAirport-Zaventem
0,fbr,00,00,B,0000,,007616,035823,Beveren
0,fdp,00,00,B,0000,,009233,034502,Duffel
0,feldh,00,00,D,0000,,026486,040406,Feldhausen
1,fffm,05,05,D,0000,,038940,024037,Frankfurt(M)Hbf
0,fhs,00,00,B,0000,,015078,032670,Hasselt
0,fie,00,00,B,0000,,016356,031983,Bilzen
0,fki,00,00,B,0000,,009124,034976,Kontich
0,fkth,00,00,B,0000,,009095,037839,Kalmthout
0,flb,00,00,D,0000,,034759,026942,LimburgSud
0,flensb,00,00,DK,0000,,041546,076259,Flensburg
0,flk,00,00,B,0000,,005695,034740,Lokeren
0,fmb,00,00,B,0000,,008307,034511,Boom
1,fmz,02,02,D,0000,,036089,022737,MainzHbf
1,fn,02,02,NL,0000,,016577,057732,Franeker
1,fnaf,05,05,D,0000,,038296,023408,FrankfurtFlughafenFernb
0,fnu,00,00,B,0000,,007098,035581,Nieuwkerken-Waas
1,fnzd,02,02,B,0000,,008531,035696,Antwerpen-Zuid
0,foe,00,00,B,0000,,008236,035533,Hoboken-Polder
0,frp,00,00,B,0000,,007759,034365,Puurs
0,fsn,00,00,B,0000,,006794,035428,Sint-Niklaas
0,fsv,00,00,B,0000,,008058,034404,Ruisbroek-Sauvegarde
0,ftg,00,00,B,0000,,016103,031046,Tongeren
1,fvs,02,02,B,0000,,017679,030581,Vise
0,fvsg,00,00,NL,0000,,017785,030764,ViseGrens
0,fwa,00,00,B,0000,,009252,034264,Sint-Katelijne-Waver
1,fwd,02,02,NL,0000,,019520,058330,Feanwalden
0,g,02,02,D,0000,,026673,047094,GronauWestf
1,gbg,02,02,NL,0000,,024232,051442,Gramsbergen
1,gbr,02,02,NL,0000,,026337,047129,Glanerbrug
1,gd,05,05,NL,0000,,010826,044787,Gouda
1,gdg,04,04,NL,0000,,011066,044761,GoudaGoverwelle
1,gdm,02,02,NL,0000,,014705,043268,Geldermalsen
0,gdp,00,00,B,0000,,015726,032449,Diepenbeek
1,gdr,01,01,NL,0000,,022117,043843,Gaanderen
0,geisl,00,00,D,0000,,048358,007955,Geislingen
1,gerp,02,02,NL,0000,,023485,058061,GroningenEuropapark
1,gk,02,02,NL,0000,,021657,058586,Grijpskerk
0,gkt,00,00,B,0000,,009096,037714,Kijkuit
1,gln,02,02,NL,0000,,018704,033096,GeleenOost
0,gmd,00,00,B,0000,,008925,035520,Mortsel-Deurnesteenweg
0,gmog,00,00,B,0000,,008984,035392,Mortsel-OudeGod
1,gn,05,05,NL,0000,,023360,058112,Groningen
1,gnd,02,02,NL,0000,,011695,042700,Hardinxveld-Giessendam
1,gnn,02,02,NL,0000,,023307,058325,GroningenNoord
1,go,02,02,NL,0000,,023690,047204,Goor
1,gp,01,01,NL,0000,,016638,038123,Geldrop
1,gr,02,02,NL,0000,,012612,042732,Gorinchem
1,gs,02,02,NL,0000,,005109,039099,Goes
0,gsb,00,00,D,0000,,069695,053683,Berlin-Gesundbrunnen
1,gv,05,05,NL,0000,,008201,045409,DenHaagHS
1,gvc,05,05,NL,0000,,008212,045531,DenHaagCentraal
1,gvm,05,05,NL,0000,,008528,045637,DenHaagMariahoeve
1,gvmw,04,04,NL,0000,,008104,045235,DenHaagMoerwijk
1,gw,02,02,NL,0000,,018415,056712,Grou-Jirnsum
0,gwd,00,00,B,0000,,009064,038252,Wildert
1,gz,02,02,NL,0000,,012294,039956,Gilze-Rijen
1,had,02,02,NL,0000,,010187,048601,Heemstede-Aerdenhout
0,hagen,00,00,D,0000,,029931,037676,HagenHbf
0,halle,00,00,D,0000,,061307,040837,Halle(Saale)Hbf
0,hamh,00,00,D,0000,,046105,062836,HamburgHbf
1,hamm,05,05,D,0000,,032240,041270,Hamm(Westf.)
1,hann,05,05,D,0000,,045134,049656,HannoverHbf
0,hassel,00,00,B,0000,,015078,032675,Hasselt
1,hb,02,02,NL,0000,,019319,032414,Hoensbroek
1,hbzm,02,02,NL,0000,,011526,042564,HardinxveldBlauweZoom
1,hd,02,02,NL,0000,,017086,048332,Harderwijk
1,hdb,02,02,NL,0000,,023909,051014,Hardenberg
1,hde,02,02,NL,0000,,018936,049137,Harde('t)
1,hdg,02,02,NL,0000,,019156,058149,Hurdegaryp
1,hdr,04,04,NL,0000,,011290,055239,DenHelder
1,hdrh,01,01,NL,0000,,011300,055300,DenHelderHaven
1,hdrz,02,02,NL,0000,,011312,054972,DenHelderZuid
1,hfd,04,04,NL,0000,,010797,047849,Hoofddorp
1,hgl,02,02,NL,0000,,025101,047584,Hengelo
1,hglg,02,02,NL,0000,,024962,047574,HengeloGezondheidspark
1,hglo,02,02,NL,0000,,025283,047666,HengeloOost
1,hgv,02,02,NL,0000,,022832,052791,Hoogeveen
1,hgz,02,02,NL,0000,,024754,057568,Hoogezand-Sappemeer
1,hil,02,02,NL,0000,,009899,047973,Hillegom
1,hk,02,02,NL,0000,,010735,050099,Heemskerk
1,hks,02,02,NL,0000,,014115,052258,Hoogkarspel
1,hlg,02,02,NL,0000,,015754,057597,Harlingen
1,hlgh,08,08,NL,0000,,015661,057647,HarlingenHaven
1,hlm,04,04,NL,0000,,010403,048918,Haarlem
1,hlms,02,02,NL,0000,,010625,048859,HaarlemSpaarnwoude
1,hlo,04,04,NL,0000,,010851,051273,Heiloo
1,hm,03,03,NL,0000,,017407,038746,Helmond
1,hmbh,02,02,NL,0000,,017677,038696,HelmondBrouwhuis
1,hmbv,01,01,NL,0000,,017040,038596,HelmondBrandevoort
1,hmh,02,02,NL,0000,,017193,038657,Helmond'tHout
1,hmn,02,02,NL,0000,,017471,043712,Hemmen-Dodewaard
1,hn,04,04,NL,0000,,013249,051756,Hoorn
1,hnk,02,02,NL,0000,,013453,051845,HoornKersenboogerd
1,hno,02,02,NL,0000,,021174,049361,Heino
1,hnp,02,02,NL,0000,,015741,055105,Hindeloopen
1,hon,02,02,NL,0000,,022557,047785,Holten
0,hopf,00,00,A,0000,,066656,-03852,Hopfgarten
1,hor,02,02,NL,0000,,014077,046557,HollandscheRading
1,hr,02,02,NL,0000,,019050,055276,Heerenveen
1,hrl,04,04,NL,0000,,019639,032248,Heerlen
1,hrlk,02,02,NL,0000,,019800,032254,HeerlenDeKissel
1,hrlw,02,02,NL,0000,,019472,032313,HeerlenWoonboulevard
1,hrn,02,02,NL,0000,,023730,057717,Haren
1,hrnovt,02,02,NL,0000,,023555,057659,HarenOVTransferium
1,hrt,04,04,NL,0000,,020053,038220,Horst-Sevenum
1,hry,02,02,NL,0000,,019243,054986,HeerenveenIJsstadion
1,ht,05,05,NL,0000,,014861,041131,Hertogenbosch('s)
1,htn,02,02,NL,0000,,013996,044962,Houten
1,htnc,02,02,NL,0000,,014074,044768,HoutenCastellum
1,hto,02,02,NL,0000,,015025,041245,Hertogenb('s)Oost
1,hvl,02,02,NL,0000,,016000,046358,Hoevelaken
1,hvs,05,05,NL,0000,,014093,047094,Hilversum
1,hvsm,02,02,NL,0000,,014044,047231,HilversumMediaPark
1,hvsp,02,02,NL,0000,,014134,046983,HilversumSportpark
1,hwd,04,04,NL,0000,,011691,052050,Heerhugowaard
0,hwob,00,00,D,0000,,052210,050722,WolfsburgHbf
1,hwzb,02,02,NL,0000,,011170,048872,Halfweg-Zwanenburg
1,hz,02,02,D,0000,,020479,032036,Herzogenrath
1,hze,02,02,NL,0000,,016770,037736,Heeze
1,ijt,02,02,NL,0000,,017036,055866,IJlst
0,innsb,00,00,A,0000,,061039,-06303,InnsbruckHbf
0,jenbac,00,00,A,0000,,063769,-04688,Jenbach
0,karlsr,00,00,D,0000,,037562,011573,KarlsruheHbf
1,kbd,02,02,NL,0000,,006670,038343,Krabbendijke
1,kbk,02,02,NL,0000,,020270,046575,Klarenbeek
0,kboi,00,00,D,0000,,021691,036539,Boisheim
0,kbry,00,00,D,0000,,021448,036769,Breyell
0,kdffh,00,00,D,0000,,025128,036629,DüsseldorfFlughafen
1,kdr,01,01,D,0000,,023322,031385,Duren
0,kdul,00,00,D,0000,,022142,036351,Dulken
0,kirchb,00,00,A,0000,,067774,-03661,KirchberginTirol
0,kitzb,00,00,A,0000,,068338,-03539,Kitzbuhel
0,kkd,00,00,D,0000,,026758,032819,KolnMesse/Deutz
1,kkdgl,07,07,D,0000,,026656,032918,Koeln-DeutzGleis11-12
0,kko,00,00,D,0000,,031169,026464,KoblenzHbf
1,klp,03,03,NL,0000,,016777,045085,Veenendaal-DeKlomp
1,kma,02,02,NL,0000,,011198,050100,Krommenie-Assendelft
0,kmb,00,00,D,0000,,032821,027560,Montabaur
1,kmr,02,02,NL,0000,,019042,031977,Klimmen-Ransdaal
1,kmw,02,02,NL,0000,,015658,054619,Koudum-Molkwerum
1,kn,04,04,D,0000,,021184,037120,Kaldenkirchen
0,koben,00,00,DK,0000,,060436,087779,K›benhavnHovedb.
0,kohl,00,00,D,0000,,020342,031599,Kohlscheid
0,kold,00,00,DK,0000,,041326,084235,Kolding
0,koln,08,08,D,0000,,026716,032820,KolnHbf
0,kolne,00,00,D,0000,,026262,033023,Koln-Ehrenfeld
0,konin,00,00,PL,0000,,103077,054855,Konin
1,kpn,02,02,NL,0000,,019125,050815,Kampen
1,kpnz,02,02,NL,0000,,019068,050515,KampenZuid
1,krd,02,02,NL,0000,,020218,031925,KerkradeCentrum
1,krg,03,03,NL,0000,,006114,038712,Kruiningen-Yerseke
0,ksb,00,00,D,0000,,028305,031316,Siegburg
0,kswe,00,00,D,0000,,028777,036855,Schwelm
1,ktr,01,01,NL,0000,,016849,043812,Kesteren
0,kufst,00,00,A,0000,,066517,-02265,Kufstein
0,kutno,00,00,PL,0000,,110576,056347,Kutno
1,kw,02,02,NL,0000,,024428,057583,Kropswolde
0,kwba,00,00,D,0000,,028123,036576,Wuppertal-Barmen
0,kwo,00,00,D,0000,,028299,036656,WuppertalOberbarmen
1,kz,02,02,NL,0000,,011549,049685,KoogaandeZaan
1,laa,05,05,NL,0000,,008345,045508,DenHaagLaanvNOI
0,land,00,00,A,0000,,054919,-08056,Landeck
0,landq,00,00,CH,0000,,047258,-10555,Landquart
0,landry,00,00,F,0000,,026061,-26905,Landry
0,lang,00,00,D,0000,,022323,031464,Langerwehe
1,lc,02,02,NL,0000,,022608,046467,Lochem
1,ldl,02,02,NL,0000,,009377,046244,LeidenLammenschans
1,ldm,02,02,NL,0000,,013478,043404,Leerdam
1,ldv,03,03,NL,0000,,008615,045474,Leidschendam-Voorburg
1,ledn,05,05,NL,0000,,009314,046465,LeidenCentraal
1,leer,04,04,D,0000,,029375,058479,Leer(Ostfriesl)
0,leuven,00,00,B,0000,,010771,032150,Leuven
1,lg,05,05,NL,0000,,019949,032316,Landgraaf
0,lgl,00,00,B,0000,,016542,030670,Glons
0,lhs,00,00,B,0000,,017160,029676,Herstal
1,lillee,00,00,F,0000,,-00852,029689,LilleEurope
0,livor,00,00,I,0000,,000000,000000,LivornoC
0,lkm,00,00,B,0000,,008158,035016,Hemiksem
1,lkp,02,02,B,0000,,008850,036952,Kapellen
0,lkr,00,00,B,0000,,008806,036457,Ekeren
0,llb,00,00,B,0000,,006410,035206,Belsele
1,lls,04,04,NL,0000,,016081,050225,LelystadCentrum
0,lm,00,00,B,0000,,007807,035848,Melsele
0,lni,00,00,B,0000,,008155,034741,Niel
0,lnk,00,00,B,0000,,009203,033820,Mechelen-Nekkerspoel
1,londs,02,02,GB,0001,,-20982,040674,LondonSt.Pancras_oud
1,lp,02,02,NL,0000,,024560,059511,Loppersum
1,lrw,02,02,D,0000,,062652,053516,Rathenow
0,ls,04,04,D,0000,,059280,053150,Stendal
0,lsl,00,00,B,0000,,016778,030092,Liers
0,lsw,00,00,B,0000,,006272,035125,Sinaai
1,ltn,02,02,NL,0000,,017123,045524,Lunteren
1,ltv,02,02,NL,0000,,023789,044782,Lichtenvoorde-Groenlo
1,luik,05,05,B,0000,,016766,029270,Liege-Guillemins
0,luikj,00,00,B,0000,,016734,029449,Liege-Jonfosse
0,luikp,00,00,B,0000,,016795,029516,Liege-Palais
1,lut,02,02,NL,0000,,018575,033183,Geleen-Lutterade
1,lw,03,03,NL,0000,,018210,057895,Leeuwarden
1,lwc,02,02,NL,0000,,018541,057960,LeeuwardenCamminghaburen
0,lzd,00,00,B,0000,,008106,035880,Zwijndrecht(B)
0,ma,00,00,D,0000,,056258,005640,AugsburgHbf
0,magdeb,00,00,D,0000,,058186,047860,MagdeburgHbf
0,mannhe,00,00,D,0000,,037838,016996,MannheimHbf
0,maria,00,00,B,0000,,008856,036738,Sint-Mariaburg
0,marne,00,00,F,0000,,-03626,010065,Marne-la-Vallee-Chessy
0,mars,00,00,F,0000,,015449,-52307,Marseille-St-Charles
1,mas,02,02,NL,0000,,013076,046088,Maarssen
0,mcgb,00,00,D,0000,,022902,035689,MonchengladbachHbf
1,mdb,02,02,NL,0000,,003216,039107,Middelburg
1,mech,05,05,B,0000,,009094,033662,Mechelen
1,mes,02,02,NL,0000,,018059,032150,Meerssen
1,mg,02,02,NL,0000,,017682,057148,Mantgum
0,mgzb,00,00,D,0000,,051695,006379,Gunzburg
0,mho,00,00,B,0000,,009047,035197,Hove
1,mhv,02,02,NL,0000,,009350,043467,Maashaven
0,mid,00,00,B,0000,,009037,037549,Heide(B)
1,minden,04,04,D,0000,,039700,048391,Minden(Westf)
1,mmlh,02,02,NL,0000,,018893,041984,MookMolenhoek
0,mout,00,00,F,0000,,024397,-27937,Moutiers-Salins-Brides
1,mp,02,02,NL,0000,,020979,052303,Meppel
1,mrb,04,04,NL,0000,,023559,050303,Marienberg
1,mrn,04,04,NL,0000,,015385,045291,Maarn
1,mt,04,04,NL,0000,,017742,031784,Maastricht
1,mth,02,02,NL,0000,,024550,057574,Martenshoek
1,mtn,02,02,NL,0000,,017824,032015,MaastrichtNoord
1,mtr,04,04,NL,0000,,017828,031649,MaastrichtRandwyck
1,munchh,05,05,D,0000,,061446,003529,MunchenHbf
1,munst,05,05,D,0000,,030955,044333,Munster(Westf)Hbf
1,mz,02,02,NL,0000,,017100,036788,Maarheeze
1,na,02,02,NL,0000,,025375,052668,NieuwAmsterdam
1,ndb,04,04,NL,0000,,013929,047702,Naarden-Bussum
1,ndkp,02,02,B,0000,,010242,037449,Noorderkempen
0,neumu,00,00,D,0000,,045582,068621,Neumunster
0,neuss,00,00,D,0000,,024567,035808,NeussHbf
1,nh,02,02,NL,0000,,019051,032572,Nuth
1,nkk,02,02,NL,0000,,016229,047048,Nijkerk
1,nm,04,04,NL,0000,,018710,042840,Nijmegen
1,nmd,02,02,NL,0000,,018312,042622,NijmegenDukenburg
1,nmgo,02,02,NL,0000,,018506,042665,NijmegenGoffert
1,nmh,02,02,NL,0000,,018811,042657,NijmegenHeyendaal
1,nml,02,02,NL,0000,,018754,043046,NijmegenLent
1,ns,02,02,NL,0000,,018207,048709,Nunspeet
1,nsch,01,01,NL,0000,,027619,057914,BadNieuweschans
0,nurnb,00,00,D,0000,,000000,000000,NurnbergHbf
1,nvd,02,02,NL,0000,,022876,048697,Nijverdal
1,nvp,02,02,NL,0000,,010438,047483,NieuwVennep
1,nwk,02,02,NL,0000,,010205,044216,NieuwerkerkadIJssel
1,o,02,02,NL,0000,,016483,041959,Oss
1,obd,02,02,NL,0000,,012267,052128,Obdam
0,oberh,00,00,D,0000,,025676,038836,OberhausenHbf
0,oberhs,00,00,D,0000,,025607,039247,Oberhausen-Sterkrade
1,odb,02,02,NL,0000,,009581,040022,Oudenbosch
0,odens,00,00,DK,0000,,047266,083586,Odense
1,odz,02,02,NL,0000,,026047,048094,Oldenzaal
0,oetz,00,00,A,0000,,000000,000000,Otztal
0,oeynh,00,00,D,0000,,038849,047436,BadOeynhausen
1,omn,03,03,NL,0000,,022496,050297,Ommen
1,op,02,02,NL,0000,,017219,043755,Opheusden
1,osnh,05,05,D,0000,,033751,047944,OsnabruckHbf
1,ost,02,02,NL,0000,,020449,048334,Olst
1,ot,04,04,NL,0000,,014158,039925,Oisterwijk
1,otb,02,02,NL,0000,,018618,044522,Oosterbeek
1,ovn,02,02,NL,0000,,010193,048952,Overveen
1,ow,02,02,NL,0000,,016326,041885,OssWest
0,padb,00,00,DK,0000,,041006,076817,Padborg
1,paris,10,10,F,0000,,-06752,010321,Paris-Nord
1,pmo,02,02,NL,0000,,012652,050272,PurmerendOverwhere
1,pmr,02,02,NL,0000,,012560,050188,Purmerend
1,pmw,02,02,NL,0000,,012450,050116,PurmerendWeidevenne
1,pnk,02,02,NL,0000,,008983,044828,Pijnacker
0,pozn,00,00,PL,0000,,093781,055351,PoznanGl
0,praha,00,00,CS,0000,,080163,027257,Prahahl.n.
0,prahol,00,00,CS,0000,,080137,027501,Praha-Holesovice
1,pt,02,02,NL,0000,,016788,047530,Putten
0,pulh,00,00,D,0000,,025394,033527,Pulheim
1,rai,04,04,NL,0000,,012108,048338,AmsterdamRAI
1,rat,02,02,NL,0000,,021566,048961,Raalte
1,rb,02,02,NL,0000,,006967,038217,Rilland-Bath
0,rbb,00,00,D,0000,,036111,009249,Baden-Baden
1,rd,02,02,NL,0000,,024615,060474,Roodeschool
1,rdr,02,02,NL,0000,,009134,044348,BerkelenRodenrijs
0,rf,00,00,D,0000,,033835,000344,Freiburg(Breisgau)Hbf
1,rh,02,02,NL,0000,,019920,044704,Rheden
1,rheine,02,02,D,0000,,029476,047843,Rheine
1,rhn,02,02,NL,0000,,016811,044103,Rhenen
1,rl,02,02,NL,0000,,022780,045529,Ruurlo
1,rlb,04,04,NL,0000,,009603,043273,RotterdamLombardijen
1,rm,04,04,NL,0000,,019745,035615,Roermond
0,ro,00,00,D,0000,,034436,005695,Offenburg
0,romm,00,00,D,0000,,024715,033973,Rommerskirchen
0,roskil,00,00,DK,0000,,057687,087081,Roskilde
1,rs,02,02,NL,0000,,015375,041405,Rosmalen
1,rsd,04,04,NL,0000,,009063,039502,Roosendaal
0,rsdg,00,00,NL,0000,,008981,038710,Roosendaalgrens
1,rsn,02,02,NL,0000,,023220,048104,Rijssen
1,rsw,04,04,NL,0000,,008176,045068,Rijswijk
1,rta,04,04,NL,0000,,009758,044066,RotterdamAlexander
1,rtb,04,04,NL,0000,,009322,043720,RotterdamBlaak
1,rtd,05,05,NL,0000,,009187,043780,RotterdamCentraal
1,rtn,04,04,NL,0000,,009270,043968,RotterdamNoord
1,rtst,02,02,NL,0000,,009531,043416,RotterdamStadion
1,rtz,05,05,NL,0000,,009474,043529,RotterdamZuid
1,rv,02,02,NL,0000,,020328,036622,Reuver
1,rvs,02,02,NL,0000,,017222,042290,Ravenstein
0,rzepin,00,00,PL,0000,,079548,052638,Rzepin
0,saalf,00,00,A,0000,,071680,-03524,Saalfelden
1,sbk,02,02,NL,0000,,018750,032828,Spaubeek
0,schlad,00,00,A,0000,,000000,000000,Schladming
0,schll,00,00,B,0000,,008152,034832,Schelle
0,schwar,00,00,A,0000,,074250,-04476,Schwarzach-St.Veit
1,sd,02,02,NL,0000,,014901,046620,Soestdijk
1,sda,02,02,NL,0000,,026137,057660,Scheemda
1,sdm,05,05,NL,0000,,008773,043747,SchiedamCentrum
1,sdt,02,02,NL,0000,,011300,042697,Sliedrecht
1,sdtb,02,02,NL,0000,,011103,042754,SliedrechtBaanhoek
1,sgl,02,02,NL,0000,,018381,032050,Houthem-St.Gerlach
1,sgn,04,04,NL,0000,,011573,053327,Schagen
1,shl,05,05,NL,0000,,011238,048022,SchipholAirport
1,sk,03,03,NL,0000,,017279,056065,Sneek
1,sknd,02,02,NL,0000,,017351,056155,SneekNoord
1,sm,02,02,NL,0000,,020002,036083,Swalmen
1,sn,02,02,NL,0000,,018935,032779,Schinnen
1,sog,02,02,NL,0000,,018913,031859,SchinopGeul
1,spm,02,02,NL,0000,,024920,057561,SappemeerOost
1,sptn,02,02,NL,0000,,010369,049425,SantpoortNoord
1,sptz,02,02,NL,0000,,010357,049267,SantpoortZuid
1,srn,02,02,NL,0000,,018833,034135,Susteren
1,ssh,02,02,NL,0000,,009634,047032,Sassenheim
1,st,03,03,NL,0000,,014974,046497,Soest
1,std,04,04,NL,0000,,018815,033486,Sittard
0,stjoh,00,00,A,0000,,068572,-02782,St.JohanninTirol
0,stjohp,00,00,A,0000,,074520,-04117,St.JohannimPongau
1,stm,02,02,NL,0000,,024164,059409,Stedum
1,sto,02,02,NL,0000,,018278,046729,Stroe
1,stola,01,01,D,0000,,021450,030870,StolbergAltstadt
0,stolb,00,00,D,0000,,021364,031201,StolbergHbf
0,stolmb,00,00,D,0000,,021402,030963,StolbergMuhlenerbahnhof
0,stolr,00,00,D,0000,,021442,030910,StolbergRathaus
0,stolsm,00,00,D,0000,,021364,031088,StolbergSchneidemuhle
0,stomm,00,00,D,0000,,025080,033740,Stommeln
1,stp,02,02,GB,0000,,-20982,040670,LondonSt.PancrasInt.
1,stv,02,02,NL,0000,,015317,054438,Stavoren
1,stz,02,02,NL,0000,,014927,046414,SoestZuid
1,swd,02,02,NL,0000,,023189,059008,Sauwerd
1,swk,02,02,NL,0000,,020421,053399,Steenwijk
1,tb,04,04,NL,0000,,013397,039687,Tilburg
1,tbg,02,02,NL,0000,,022221,043756,Terborg
1,tbr,02,02,NL,0000,,012768,039840,TilburgReeshof
1,tbu,04,04,NL,0000,,013170,039740,TilburgUniversiteit
1,tg,02,02,NL,0000,,020769,037250,Tegelen
0,tgo,00,00,D,0000,,046905,008761,Goppingen
1,tl,02,02,NL,0000,,015747,043345,Tiel
0,tp,00,00,D,0000,,045123,008808,Plochingen
1,tpsw,01,01,NL,0000,,015537,043173,TielPassewaaij
0,ts,00,00,D,0000,,043398,009506,StuttgartHbf
0,tu,00,00,D,0000,,049544,005559,UlmHbf
0,tud,00,00,NL,0000,,008529,044639,TU-Delft(NS-bus)
1,twl,01,01,NL,0000,,020382,047254,Twello
1,uhm,02,02,NL,0000,,024364,060392,Uithuizermeeden
1,uhz,02,02,NL,0000,,024063,060335,Uithuizen
1,urk,02,02,NL,0000,,016929,051929,Urk
1,ust,02,02,NL,0000,,023629,060233,Usquert
0,usti,00,00,CS,0000,,076538,033284,UstinadLabem
1,ut,05,05,NL,0000,,013607,045576,UtrechtCentraal
1,utg,04,04,NL,0000,,010852,050404,Uitgeest
1,utln,02,02,NL,0000,,013831,045310,UtrechtLunetten
1,utlr,02,02,NL,0000,,013293,045679,UtrechtLeidscheRijn
1,utm,02,02,NL,0000,,013745,045555,UtrechtMaliebaan
1,uto,04,04,NL,0000,,013705,045805,UtrechtOvervecht
1,utt,02,02,NL,0000,,013124,045699,UtrechtTerwijde
1,utu,02,02,NL,0000,,000000,000000,UtrechtUithof(NS-bus)
1,utvr,04,04,NL,0000,,013677,045454,UtrechtVaartscheRijn
1,utzl,02,02,NL,0000,,013462,045726,UtrechtZuilen
0,valtgv,00,00,F,0000,,012262,-33448,ValenceTGV
1,vb,03,03,NL,0000,,008453,045361,Voorburg
1,vbl,02,02,NL,0000,,008497,045538,VoorburgtLoo
1,vd,02,02,NL,0000,,021870,045807,Vorden
1,vdl,02,02,NL,0000,,019317,032202,Voerendaal
1,vdm,02,02,NL,0000,,025544,056975,Veendam
1,veg,02,02,NL,0000,,000000,000000,Veghel(NS-bus)
1,vem,01,01,NL,0000,,020675,046355,Voorst-Empe
1,vg,02,02,NL,0000,,014839,040743,Vught
1,vh,02,02,NL,0000,,009332,047103,Voorhout
1,vhp,02,02,NL,0000,,023537,049726,Vroomshoop
1,viers,03,03,D,0000,,022600,036335,Viersen
1,vijfsl,02,02,NL,0000,,008500,043600,Vijfsluizen
1,vk,02,02,NL,0000,,018637,032003,Valkenburg
1,vl,04,04,NL,0000,,020963,037538,Venlo
1,vlb,02,02,NL,0000,,019727,040051,Vierlingsbeek
0,vlgr,00,00,NL,0000,,021097,037337,VenloGrens
1,vmw,02,02,NL,0000,,012379,048255,AmsterdamVanderMadeweg
1,vndc,02,02,NL,0000,,016610,044796,VeenendaalCentrum
1,vndw,02,02,NL,0000,,016500,044884,VeenendaalWest
1,vp,02,02,NL,0000,,019582,044541,Velp
1,vry,04,04,NL,0000,,019851,039324,Venray
1,vs,04,04,NL,0000,,003043,038546,Vlissingen
1,vss,02,02,NL,0000,,003049,038771,VlissingenSouburg
1,vst,04,04,NL,0000,,008970,046019,Voorschoten
1,vsv,02,02,NL,0000,,022868,043929,Varsseveld
1,vtn,02,02,NL,0000,,012914,045725,Vleuten
1,vwd,02,02,NL,0000,,019516,058330,Veenwouden
1,vz,02,02,NL,0000,,023764,049105,Vriezenveen
1,wad,02,02,NL,0000,,010443,045097,Waddinxveen
1,wadn,02,02,NL,0000,,010433,045215,WaddinxveenNoord
1,wadt,02,02,NL,0000,,010434,044902,WaddinxveenTriangel
0,warsaw,00,00,PL,0000,,121986,059354,WarszawaWschodnia
1,wc,02,02,NL,0000,,017865,042479,Wijchen
1,wd,04,04,NL,0000,,012112,045531,Woerden
1,wdn,02,02,NL,0000,,023709,048664,Wierden
1,wesel,02,02,D,0000,,024078,040817,Wesel
1,wf,02,02,NL,0000,,018284,044648,Wolfheze
1,wfm,02,02,NL,0000,,023350,060110,Warffum
1,wh,02,02,NL,0000,,020635,048950,Wijhe
0,wienw,00,00,A,0000,,096800,008254,WienWestbf
1,wk,02,02,NL,0000,,015965,055390,Workum
1,wkb,02,02,NL,0000,,000000,000000,Waalwijk(NS-bus)
1,wl,02,02,NL,0000,,021182,044132,Wehl
1,wm,02,02,NL,0000,,011466,050036,Wormerveer
0,worgl,00,00,A,0000,,065820,-03350,Worgl
1,wp,04,04,NL,0000,,013161,048052,Weesp
1,wr,02,02,D,0000,,028591,057688,Weener
0,wrg,00,00,NL,0000,,027712,058013,WeenerGrens
1,ws,02,02,NL,0000,,026527,057376,Winschoten
1,wsm,02,02,NL,0000,,023049,059429,Winsum
1,wt,02,02,NL,0000,,017712,036224,Weert
1,wtv,02,02,NL,0000,,019513,044165,Westervoort
0,wupph,00,00,D,0000,,027801,036426,WuppertalHbf
0,wuppv,00,00,D,0000,,027268,036180,Wuppertal-Vohwinkel
0,wurzb,00,00,D,0000,,048240,021127,WurzburgHbf
1,wv,02,02,NL,0000,,019659,054383,Wolvega
1,ww,02,02,NL,0000,,024628,044298,Winterswijk
1,www,02,02,NL,0000,,024540,044378,WinterswijkWest
1,wz,02,02,NL,0000,,019677,049639,Wezep
1,ypb,02,02,NL,0000,,008681,045234,DenHaagYpenburg
1,za,02,02,NL,0000,,017809,043685,Zetten-Andelst
1,zb,02,02,NL,0000,,025404,057578,Zuidbroek
1,zbm,02,02,NL,0000,,014644,042438,Zaltbommel
1,zd,04,04,NL,0000,,011601,049467,Zaandam
1,zdk,02,02,NL,0000,,011643,049669,ZaandamKogerveld
1,zh,02,02,NL,0000,,022302,058511,Zuidhorn
1,zl,05,05,NL,0000,,020270,050222,Zwolle
1,zlsh,02,02,NL,0000,,020007,050464,ZwolleStadshagen
1,zlw,05,05,NL,0000,,010497,041155,LageZwaluwe
1,zp,04,04,NL,0000,,021024,046214,Zutphen
1,ztm,04,04,NL,0000,,009264,045141,Zoetermeer
1,ztmo,02,02,NL,0000,,009362,045129,ZoetermeerOost
0,zue,00,00,CH,0000,,039345,-06362,ZurichHB
1,zv,04,04,NL,0000,,020222,043738,Zevenaar
1,zvb,02,02,NL,0000,,010122,040617,Zevenbergen
1,zvt,02,02,NL,0000,,009670,048790,ZandvoortaanZee
1,zwd,05,05,NL,0000,,010354,042549,Zwijndrecht
1,zww,02,02,NL,0000,,019826,058489,Zwaagwesteinde
1,zzs,02,02,NL,0000,,011546,049801,ZaandijkZaanseSchans
